reg_number|name|url|phone|email
1|Thane|https://t.me/link|(04433) 7721680|Donec.non@vestibulummassarutrum.com
2|Elton|https://t.me/link|(035143) 060952|eget.nisi@Cumsociis.org
3|Emmanuel|https://t.me/link|(0225) 93852188|risus@odioauctor.edu
4|Marsden|https://t.me/link|(042) 17936784|felis.eget@arcu.org
5|Gannon|https://t.me/link|(08896) 3043082|nisi@hendreritidante.net
6|Herrod|https://t.me/link|(038966) 448358|faucibus.orci@dui.com
7|Ronan|https://t.me/link|(0469) 05219133|mollis.Phasellus.libero@consectetuer.com
8|Trevor|https://t.me/link|(0641) 67866812|vitae@pharetranibhAliquam.org
9|Chaney|https://t.me/link|(00516) 2919837|felis.adipiscing@consequatdolor.ca
10|Chancellor|https://t.me/link|(0786) 92232739|molestie.tellus@lectuspedeultrices.net
11|Travis|https://t.me/link|(03616) 3936131|vel@pharetra.org
12|Quentin|https://t.me/link|(033736) 841431|magna.malesuada@Vestibulum.net
13|Devin|https://t.me/link|(0938) 30622527|tellus@auctorquistristique.ca
14|Ray|https://t.me/link|(063) 81081929|laoreet@liberoet.com
15|Uriel|https://t.me/link|(05754) 2001452|sapien.gravida@MorbivehiculaPellentesque.org
16|Charles|https://t.me/link|(03379) 6530316|fermentum.arcu.Vestibulum@necquamCurabitur.com
17|Omar|https://t.me/link|(036560) 209015|Sed@Fusce.org
18|Abel|https://t.me/link|(07555) 7117132|nec.tempus@ultricesposuere.co.uk
19|Kyle|https://t.me/link|(0349) 25437094|orci.sem@amet.net
20|Nicholas|https://t.me/link|(0519) 27722945|lectus@eratnequenon.org
21|Sawyer|https://t.me/link|(034085) 506947|feugiat.non.lobortis@enim.com
22|Omar|https://t.me/link|(039703) 780512|Integer.vitae@tinciduntduiaugue.org
23|Fitzgerald|https://t.me/link|(0998) 75336638|rhoncus.Nullam@a.org
24|Aidan|https://t.me/link|(062) 39771636|Cras.vulputate@ullamcorper.org
25|Carter|https://t.me/link|(00897) 3428565|eros.turpis@inlobortis.ca
26|Ciaran|https://t.me/link|(07351) 1013658|nec.enim@aneque.ca
27|Hiram|https://t.me/link|(05441) 7269613|Nunc@vitaesodales.net
28|Leo|https://t.me/link|(030063) 808177|velit@mollisInteger.com
29|Eaton|https://t.me/link|(062) 50939402|erat.vel.pede@enimEtiamimperdiet.com
30|Hasad|https://t.me/link|(017) 04178024|eu@sitametconsectetuer.co.uk
31|Macaulay|https://t.me/link|(02163) 9567957|convallis.erat@dapibus.org
32|Oren|https://t.me/link|(038490) 163261|ullamcorper@ligula.ca
33|Addison|https://t.me/link|(075) 67126243|nunc.interdum.feugiat@ipsumnon.net
34|Mohammad|https://t.me/link|(039729) 752439|placerat.orci@auctornunc.org
35|Cruz|https://t.me/link|(04322) 2377104|velit.Pellentesque@nuncinterdum.net
36|Ethan|https://t.me/link|(030545) 732173|quam.vel@rhoncus.edu
37|Harrison|https://t.me/link|(043) 23095761|lacus.pede.sagittis@facilisisloremtristique.edu
38|Hilel|https://t.me/link|(034372) 319228|tincidunt.aliquam.arcu@blanditenimconsequat.edu
39|Rafael|https://t.me/link|(0077) 78224127|in@liberoMorbiaccumsan.co.uk
40|Wallace|https://t.me/link|(090) 26965020|Nunc.mauris@cursus.co.uk
41|Fuller|https://t.me/link|(0989) 58489432|at.auctor.ullamcorper@nuncsed.org
42|Castor|https://t.me/link|(056) 14740683|hendrerit.Donec@Utnecurna.edu
43|Tarik|https://t.me/link|(039863) 721457|et.euismod.et@nisimagnased.co.uk
44|Chaney|https://t.me/link|(014) 20521502|mi.lorem.vehicula@ullamcorperDuiscursus.com
45|Lucian|https://t.me/link|(019) 53169483|erat.neque.non@utnisi.com
46|Barry|https://t.me/link|(01492) 1158153|elit.pretium.et@utlacusNulla.org
47|Maxwell|https://t.me/link|(0836) 77650943|libero.Integer@enimsitamet.co.uk
48|Joel|https://t.me/link|(0682) 28808371|Cum@fermentumconvallis.ca
49|Castor|https://t.me/link|(01269) 8797677|vulputate.dui.nec@aliquetlibero.net
50|Aidan|https://t.me/link|(032767) 335979|Mauris@enim.ca
51|Ryder|https://t.me/link|(077) 54083496|auctor.ullamcorper.nisl@utcursusluctus.net
52|Duncan|https://t.me/link|(0553) 28955087|nisl@amifringilla.edu
53|Dean|https://t.me/link|(032724) 866376|Sed.neque.Sed@magna.edu
54|Kevin|https://t.me/link|(033177) 129613|Sed@pede.com
55|Hamish|https://t.me/link|(037115) 556258|molestie.arcu@dapibusidblandit.org
56|Davis|https://t.me/link|(036482) 524106|Aenean.eget@dolor.org
57|Brian|https://t.me/link|(022) 63523697|eleifend@nonleo.ca
58|Caleb|https://t.me/link|(03923) 1559615|Lorem.ipsum.dolor@dolor.edu
59|Burke|https://t.me/link|(02058) 6798601|Nunc.commodo.auctor@natoquepenatibuset.edu
60|Blake|https://t.me/link|(030496) 237986|enim@Suspendissedui.org
61|Kibo|https://t.me/link|(071) 58694068|Nullam.suscipit.est@vulputaterisus.edu
62|Jared|https://t.me/link|(0321) 08053802|Sed.eu@necorciDonec.co.uk
63|Connor|https://t.me/link|(0796) 57580974|quis.turpis@Pellentesque.co.uk
64|Tarik|https://t.me/link|(016) 89186995|et@Phaselluselitpede.org
65|Isaac|https://t.me/link|(018) 54791302|nec@mus.org
66|Richard|https://t.me/link|(037547) 679267|non@tortorIntegeraliquam.edu
67|Rajah|https://t.me/link|(05829) 3821220|velit.egestas@porttitorinterdum.net
68|Grant|https://t.me/link|(08645) 2422071|elit.Nulla.facilisi@dignissimpharetraNam.co.uk
69|Colton|https://t.me/link|(052) 77101361|risus@orciUt.co.uk
70|Clayton|https://t.me/link|(0791) 63469640|Ut.tincidunt@Uttinciduntvehicula.edu
71|Buckminster|https://t.me/link|(0003) 23415956|Duis@Vivamusnibhdolor.net
72|Vance|https://t.me/link|(03184) 4630235|Fusce.mollis.Duis@ultriciesligula.co.uk
73|Rajah|https://t.me/link|(092) 76688036|nec@adlitora.co.uk
74|Hasad|https://t.me/link|(087) 45275466|nunc.est@miloremvehicula.edu
75|Marsden|https://t.me/link|(072) 48272966|Sed.auctor.odio@metus.net
76|Basil|https://t.me/link|(0668) 32431994|magnis@imperdieteratnonummy.org
77|Lucas|https://t.me/link|(0890) 29283958|accumsan@lectusquis.net
78|Clarke|https://t.me/link|(0245) 86325945|et@Cras.org
79|Conan|https://t.me/link|(0411) 94841900|eget.tincidunt.dui@elit.ca
80|Melvin|https://t.me/link|(036717) 174083|tincidunt.dui.augue@Nunc.co.uk
81|Quinlan|https://t.me/link|(038718) 090517|Morbi.vehicula@vestibulum.com
82|Hoyt|https://t.me/link|(031) 81791184|enim.Nunc.ut@Morbiaccumsan.net
83|Xavier|https://t.me/link|(0404) 30231465|nisi.Cum.sociis@Vivamusnibhdolor.com
84|Colorado|https://t.me/link|(00260) 8331650|felis@odioa.edu
85|Dean|https://t.me/link|(01056) 6389549|lobortis.tellus@mi.org
86|Xander|https://t.me/link|(075) 59003772|tellus@Namnulla.org
87|Curran|https://t.me/link|(017) 41277954|sem.eget@bibendum.edu
88|August|https://t.me/link|(036706) 823758|quis.massa.Mauris@Pellentesquehabitant.edu
89|Harlan|https://t.me/link|(036663) 260726|turpis@Cumsociisnatoque.ca
90|Abbot|https://t.me/link|(0203) 53658716|ligula.Nullam.feugiat@magnatellus.edu
91|Scott|https://t.me/link|(037804) 096229|ornare@nonmagnaNam.net
92|Deacon|https://t.me/link|(02734) 3820692|lorem.semper@malesuada.edu
93|Herman|https://t.me/link|(072) 99182402|ligula.consectetuer.rhoncus@egestas.org
94|Adam|https://t.me/link|(032947) 656441|conubia@quistristiqueac.co.uk
95|Demetrius|https://t.me/link|(01445) 6420334|diam@odio.edu
96|Oscar|https://t.me/link|(032345) 508221|tincidunt.nunc.ac@eget.ca
97|Vladimir|https://t.me/link|(002) 20287613|orci@eu.org
98|Caleb|https://t.me/link|(0100) 42140689|Sed.congue@Loremipsumdolor.co.uk
99|Byron|https://t.me/link|(026) 16651916|aliquet.odio.Etiam@Integerinmagna.co.uk
100|Fulton|https://t.me/link|(0104) 88334606|tincidunt.aliquam.arcu@mus.net
